[
  {
    "ide": "111",
    "question": " what is cors?",
    "answer": "Cross-Origin Resource Sharing (CORS) is an HTTP-header based mechanism that allows a server to indicate any origins (domain, scheme, or port) other than its own from which a browser should permit loading resources. CORS also relies on a mechanism by which browsers make a 'preflight' request to the server hosting the cross-origin resource, in order to check that the server will permit the actual request. In that preflight, the browser sends headers that indicate the HTTP method and headers that will be used in the actual request.An example of a cross-origin request: the front-end JavaScript code served from https://domain-a.com uses XMLHttpRequest to make a request for https://domain-b.com/data.json.For security reasons, browsers restrict cross-origin HTTP requests initiated from scripts. For example, XMLHttpRequest and the Fetch API follow the same-origin policy. This means that a web application using those APIs can only request resources from the same origin the application was loaded from unless the response from other origins includes the right CORS headers."
  },
  {
    "ide": "113",
    "question": "Why are you using firebase? What other options do you have to implement authentication?",
    "answer": "Firebase Authentication provides backend services, easy-to-use SDKs, and ready-made UI libraries to authenticate users to your app. It supports authentication using passwords, phone numbers, popular federated identity providers like Google, Facebook and Twitter, and more."
  },
  {
    "ide": "112",
    "question": "How does the private route work?",
    "answer": "The private route component is similar to the public route, the only change is that redirect URL and authenticate condition. If the user is not authenticated he will be redirected to the login page and the user can only access the authenticated routes If he is authenticated (Logged in)."
  },
  {
    "ide": "114",
    "question": " What is Node? How does Node work?",
    "answer": "It is a used as backend service where javascript works on the server-side of the application. This way javascript is used on both frontend and backend. Node. js runs on chrome v8 engine which converts javascript code into machine code, it is highly scalable, lightweight, fast, and data-intensive."
  }
]
