[
  {
    "id": "1",
    "name": "Hiking Exercise",
    "time": 21,
    "description": "A Home Workout to Stay in Hiking Shape . Reverse lunge off step with knee liftSpinal balance with knee to elbow touch.",
    "age":"20-25",
    "img": "https://cdn.mos.cms.futurecdn.net/72NtEz9WnYfMwfMQnmKLaD-1200-80.jpg.webp",
    "quantity": 0
  },
  {
    "id": "2",
    "name": "Yard work exercise",
    "time": 47,
    "description": "Doing yard work is a great cardiovascular exercise. Your activity while raking leaves, sweeping the patio",
    "age":"20-25",
    "img": "https://i.ibb.co/CBNYF4k/Yard-Fit4-Ian-Roderer-LR.jpg",
    "quantity": 0
  },
  {
    "id": "3",
    "name": "Dancing Exercise",
    "time": 29,
    "description": "Is dance a good form of exercise? Dancing is a whole-body workout that's actually fun. It's good for your heart, it makes you stronger.","age":"20-25",
    "img": "https://imgs.search.brave.com/_RDm-2LbG5R0Efaxl2bJVqpMbPob5ZyGvzT54ck3sYA/rs:fit:860:0:0/g:ce/aHR0cHM6Ly9pbWFn/ZXMuc2VhdHRsZXNj/aGlsZC5jb20vd3At/Y29udGVudC91cGxv/YWRzLzIwMjEvMDgv/YW5uYS1lYXJsLVhC/REhtSVh2c3ZNLXVu/c3BsYXNoLXNjYWxl/ZC5qcGc",
    "quantity": 0
  },
  {
    "id": "4",
    "name": "Biking Exercise",
    "time": 39,"age":"20-25",
    "description": "Biking is a top-notch cardio workout. You'll burn about 400 calories an hour. Plus it strengthens your lower body, including your legs",
    "img": "https://encrypted-tbn0.gstatic.com/images?q=tbn:ANd9GcTiOF58I1yg4ooaaAVuwtLukO_3wBaHz0f4xQ&usqp=CAU",
    "quantity": 0
  },
  {
    "id": "5",
    "name": "Jogging workout",
    "time": 43,"age":"20-25",
    "description": "How long should I jog for a good workout? To achieve or maintain a basic level of physical fitness, jog 30 minutes",
    "img": "https://cdn.cdnparenting.com/articles/2019/01/21120025/1195922569-H.webp",
    "quantity": 0
  },
  {
    "id": "6",
    "name": "Outdoor Games",
    "time": 26,"age":"20-25",
    "description": "Outdoor games are an excellent form of exercise for kids. It helps to strengthen their muscles and joints",
    "img": "https://encrypted-tbn0.gstatic.com/images?q=tbn:ANd9GcTRXgxdkevTm4A42jpCJZeUzGeh1D-IYJYw_A&usqp=CAU",
    "quantity": 0
  }
]
